"cache_id","file_name","kind","bytes","modified_local","sha256"
"20C1FD3E73CC925DDC7647C44B8E566D","build.options.json","linked-build","745","2025-07-30T21:10:26","7E587A7AFB0DB1AEAFDCF0BCB31E4287681D1348FDEEFC6C0006250CD0A2B6EA"
"20C1FD3E73CC925DDC7647C44B8E566D","compile_commands.json","linked-build","2519","2025-07-30T21:10:36","59D34632B34088D2B9A2710323A3674078BAA5D1B8F3A1528DA825B112A96483"
"20C1FD3E73CC925DDC7647C44B8E566D","partitions.csv","linked-build","305","2025-07-30T15:40:52","2683FD26B661BC909DCB8A9F05723D36C4000F9396995941A278FDA409B753F7"
"20C1FD3E73CC925DDC7647C44B8E566D","sketch_jul30a.ino.bin","linked-build","310768","2025-07-30T21:10:35","6C9F8273CD055C1AB69F8A511EA95D4E65EB464AF3B0F7F5579809ABC88DAF5E"
"20C1FD3E73CC925DDC7647C44B8E566D","sketch_jul30a.ino.bootloader.bin","linked-build","19696","2025-07-30T21:10:26","E4BC658D3DC600958B56DFB9299479326A9ECB19A1F27D3578432F2AE4D65550"
"20C1FD3E73CC925DDC7647C44B8E566D","sketch_jul30a.ino.cpp","translation-unit","6754","2025-07-30T21:10:30","FDC830059612A1699221449FB0BBCE17F03D2C5EE0715361920C10C4100ACF25"
"20C1FD3E73CC925DDC7647C44B8E566D","sketch_jul30a.ino.cpp.d","translation-unit","22713","2025-07-30T21:10:32","EC2B0A72DDD5072CB9E8C13F9CA9455CD59087125F3AFECF775D4F66A798DF69"
"20C1FD3E73CC925DDC7647C44B8E566D","sketch_jul30a.ino.cpp.o","translation-unit","48824","2025-07-30T21:10:32","4C3B1FE560FB8903F454CF48864D9BCAB8698291CE85B7342E9D876E85FDC7CF"
"20C1FD3E73CC925DDC7647C44B8E566D","sketch_jul30a.ino.elf","linked-build","6288392","2025-07-30T21:10:34","4153FD1B279CF9AB0D4AE29E85E906CECD57E7D66ACBD8919E973272D7E04B1D"
"20C1FD3E73CC925DDC7647C44B8E566D","sketch_jul30a.ino.map","linked-build","7068329","2025-07-30T21:10:34","3BEA48E0057478662EA5D46BE55233CE1BCB340B7126142433CB6FB5DADA0A1F"
"20C1FD3E73CC925DDC7647C44B8E566D","sketch_jul30a.ino.merged.bin","linked-build","4194304","2025-07-30T21:10:36","231ECFE609EFEC4D55706B89175F3AB31BCD8E25FFB33ED8DF8F5B50FEF51EEF"
"20C1FD3E73CC925DDC7647C44B8E566D","sketch_jul30a.ino.partitions.bin","linked-build","3072","2025-07-30T21:10:35","148B959CBFF1C38AA8E1D5C0BA9D612C54997B945E56A63F41223EEF650653A1"
"20D1F901CB1AEA1CD951D7DA080E2B03","build.options.json","linked-build","786","2025-08-09T13:56:46","D55E9991833086B0228070D6C6D3D35E9AE222EB25E37375D7139D43D6203F8D"
"20D1F901CB1AEA1CD951D7DA080E2B03","compile_commands.json","linked-build","2637","2025-08-09T13:56:56","802B1C87436D559510A126EAB6744CDCF0876BE58260C2306310CC6243FC9EC1"
"20D1F901CB1AEA1CD951D7DA080E2B03","hostAliveAndWorking.ino.bin","linked-build","270400","2025-08-09T13:56:55","12D4CAC4696332C09A5E872D637B3F6CF195D77A2E2EE6C8F347CB27EE84BA4D"
"20D1F901CB1AEA1CD951D7DA080E2B03","hostAliveAndWorking.ino.bootloader.bin","linked-build","20352","2025-08-09T13:56:47","2A623AA8F3BEAB9C13D4FC60A3C90995034598BA907FB908CC937E2536289F93"
"20D1F901CB1AEA1CD951D7DA080E2B03","hostAliveAndWorking.ino.cpp","translation-unit","2971","2025-08-09T13:56:50","A727E3F73BE39D9B8699C59D6AB298D07A4049845A43F665A74528EC2996B4FD"
"20D1F901CB1AEA1CD951D7DA080E2B03","hostAliveAndWorking.ino.cpp.d","translation-unit","21523","2025-08-09T13:56:52","0C8405C9770056132D9660A727434505E2FD37799E4DC998BE2AD88C3819DB59"
"20D1F901CB1AEA1CD951D7DA080E2B03","hostAliveAndWorking.ino.cpp.o","translation-unit","39860","2025-08-09T13:56:52","45EE9413548D81EDBBACF10D2BAA32A92869250391FD8D28B821C901DC21C615"
"20D1F901CB1AEA1CD951D7DA080E2B03","hostAliveAndWorking.ino.elf","linked-build","4838948","2025-08-09T13:56:55","C130DF2887F38FFAABAE200657B9BD0B5AF3925C7431405312EE039A83C0B506"
"20D1F901CB1AEA1CD951D7DA080E2B03","hostAliveAndWorking.ino.map","linked-build","4996438","2025-08-09T13:56:55","38AA1A20796B4C157407913234C46D8162590815E22A8AD0EC6386F4F18914AB"
"20D1F901CB1AEA1CD951D7DA080E2B03","hostAliveAndWorking.ino.merged.bin","linked-build","4194304","2025-08-09T13:56:56","28013929AACA5D9958C0D1375E84F52C5ABCFA2AC9F12332ABCFDD96276233B2"
"20D1F901CB1AEA1CD951D7DA080E2B03","hostAliveAndWorking.ino.partitions.bin","linked-build","3072","2025-08-09T13:56:56","148B959CBFF1C38AA8E1D5C0BA9D612C54997B945E56A63F41223EEF650653A1"
"20D1F901CB1AEA1CD951D7DA080E2B03","partitions.csv","linked-build","305","2025-08-09T13:04:17","2683FD26B661BC909DCB8A9F05723D36C4000F9396995941A278FDA409B753F7"
"40348E610C9E5A444B49E27DB2A69894","build.options.json","linked-build","780","2025-08-09T17:51:51","C722ED8D05E3500B5B0C376C7F9CD0991D542B94ADF614C288ED59D1C5FCC732"
"40348E610C9E5A444B49E27DB2A69894","compile_commands.json","linked-build","47713","2025-08-09T17:52:06","461777C66AA03215C821A3F11D9C64A4DA9CD098E5525C179D70BFAE23FE4179"
"40348E610C9E5A444B49E27DB2A69894","DEVICE_ESP2.0.ino.bin","linked-build","900416","2025-08-09T17:52:05","F4621EB71EE186EA286B4EE5905CEC31E9DD21A8818C2BE893C6A18690853C9D"
"40348E610C9E5A444B49E27DB2A69894","DEVICE_ESP2.0.ino.bootloader.bin","linked-build","20352","2025-08-09T17:51:51","2A623AA8F3BEAB9C13D4FC60A3C90995034598BA907FB908CC937E2536289F93"
"40348E610C9E5A444B49E27DB2A69894","DEVICE_ESP2.0.ino.cpp","translation-unit","27485","2025-08-09T17:51:59","D86D96BFE5079E438923B5900AC7F3975AB39A78625C99157E3786E580A03CE6"
"40348E610C9E5A444B49E27DB2A69894","DEVICE_ESP2.0.ino.cpp.d","translation-unit","28942","2025-08-09T17:52:01","A3821D2CDBF376583859A4855F242F41C6B41A7647352B4D1FC19B816C31278B"
"40348E610C9E5A444B49E27DB2A69894","DEVICE_ESP2.0.ino.cpp.o","translation-unit","198056","2025-08-09T17:52:01","CF5CBA77B6AA241027364345202B0F6405199E800AAB6473CC86CA1FAFEB6EA5"
"40348E610C9E5A444B49E27DB2A69894","DEVICE_ESP2.0.ino.elf","linked-build","11686220","2025-08-09T17:52:05","2D2D50215AC85A91950E6BB52CE20C411987ED60D546BA29B4ADB2287C842D82"
"40348E610C9E5A444B49E27DB2A69894","DEVICE_ESP2.0.ino.map","linked-build","15410678","2025-08-09T17:52:05","641A24C74B7CFD1EEFA2A114B5BE6B3D48FFDC69F4312659C389451496584443"
"40348E610C9E5A444B49E27DB2A69894","DEVICE_ESP2.0.ino.merged.bin","linked-build","4194304","2025-08-09T17:52:06","3B47BFBFA6C0CC3C635054443C25B02FDBCC629AFB42DE4F21803ED3F621D964"
"40348E610C9E5A444B49E27DB2A69894","DEVICE_ESP2.0.ino.partitions.bin","linked-build","3072","2025-08-09T17:52:05","148B959CBFF1C38AA8E1D5C0BA9D612C54997B945E56A63F41223EEF650653A1"
"40348E610C9E5A444B49E27DB2A69894","partitions.csv","linked-build","305","2025-08-09T13:04:17","2683FD26B661BC909DCB8A9F05723D36C4000F9396995941A278FDA409B753F7"
"45CA156795DE7336BDDB0AF5DA0A92A2","build.options.json","linked-build","714","2025-07-31T18:17:20","1050D0FA31875BF9DEDA192D65A801E9FD5C31389471A766490FF7F6963AA3DD"
"45CA156795DE7336BDDB0AF5DA0A92A2","compile_commands.json","linked-build","203485","2025-07-31T18:18:00","62D8E7D2B29B87FA17DD281454A2B71F0976C9912F3D4A509E59F8467F2426BB"
"45CA156795DE7336BDDB0AF5DA0A92A2","HostReceiverScript2.0.ino.bin","linked-build","1248928","2025-07-31T18:17:58","5B7FE3AF40C1B02567C9CF588E847A50F683E9672BC8494EC88C950C94814F47"
"45CA156795DE7336BDDB0AF5DA0A92A2","HostReceiverScript2.0.ino.bootloader.bin","linked-build","19696","2025-07-31T18:17:21","E4BC658D3DC600958B56DFB9299479326A9ECB19A1F27D3578432F2AE4D65550"
"45CA156795DE7336BDDB0AF5DA0A92A2","HostReceiverScript2.0.ino.cpp","translation-unit","11948","2025-07-31T18:17:50","ED8458E714DBD25E3D559A2AF2C654DED7CA42376E6C4D7860F9AA78E91CEE07"
"45CA156795DE7336BDDB0AF5DA0A92A2","HostReceiverScript2.0.ino.cpp.d","translation-unit","43056","2025-07-31T18:17:54","A442DBCFB2C6E98C702625875CF0C6DEE1B3EBBC5FCEEE0B9CED562DFACFD3D9"
"45CA156795DE7336BDDB0AF5DA0A92A2","HostReceiverScript2.0.ino.cpp.o","translation-unit","910392","2025-07-31T18:17:54","C14BDBAD4886D0C08A74BF80910D874C835F40C7C287EFFD916F65E10650166A"
"45CA156795DE7336BDDB0AF5DA0A92A2","HostReceiverScript2.0.ino.elf","linked-build","18204964","2025-07-31T18:17:57","E649F09EFF09C23693118088E6522082AB464ED1EC064C9C12A7D8984F51CCA1"
"45CA156795DE7336BDDB0AF5DA0A92A2","HostReceiverScript2.0.ino.map","linked-build","15689930","2025-07-31T18:17:57","201FF297BB7A54B2872A3CCC7FFC36A4EB9E81896BEA5052C2700FF30D5736E1"
"45CA156795DE7336BDDB0AF5DA0A92A2","HostReceiverScript2.0.ino.merged.bin","linked-build","4194304","2025-07-31T18:17:59","58EE4C8CC39B53C4D1F94C72DB0BD2EDC0F8141C03B203049119C17FA34197A7"
"45CA156795DE7336BDDB0AF5DA0A92A2","HostReceiverScript2.0.ino.partitions.bin","linked-build","3072","2025-07-31T18:17:58","148B959CBFF1C38AA8E1D5C0BA9D612C54997B945E56A63F41223EEF650653A1"
"45CA156795DE7336BDDB0AF5DA0A92A2","partitions.csv","linked-build","305","2025-07-30T15:40:52","2683FD26B661BC909DCB8A9F05723D36C4000F9396995941A278FDA409B753F7"
"66BDDD46C00DBF738A459295FE4223E3","build.options.json","linked-build","774","2025-08-09T17:45:17","CC414A63729B596ECEA0971DBD7A2CBD3864CF39FB1AFF86FB92365DAFE7F21C"
"66BDDD46C00DBF738A459295FE4223E3","compile_commands.json","linked-build","47611","2025-08-09T17:45:32","8FD152989D2615A17B5CA8FA2CB1E12F866A3AB4BF67C163F3B3929B77EC0758"
"66BDDD46C00DBF738A459295FE4223E3","HOST_ESP2.0.ino.bin","linked-build","882672","2025-08-09T17:45:31","954E68A8D52824FE1D37A42576CAE26D01CE8826BAA30D305E9190DD98D5BC32"
"66BDDD46C00DBF738A459295FE4223E3","HOST_ESP2.0.ino.bootloader.bin","linked-build","20352","2025-08-09T17:45:17","2A623AA8F3BEAB9C13D4FC60A3C90995034598BA907FB908CC937E2536289F93"
"66BDDD46C00DBF738A459295FE4223E3","HOST_ESP2.0.ino.cpp","translation-unit","14933","2025-08-09T17:45:25","041439EB95BC7ECD0FD5475FDBB7E5F9A1096F02744D10EFCA8410168C40CE94"
"66BDDD46C00DBF738A459295FE4223E3","HOST_ESP2.0.ino.cpp.d","translation-unit","28315","2025-08-09T17:45:27","7A404C496008D3AE6B1B1CB3A3C9B4E7E54FFE4F5415BAEA0081B73DC4CC9529"
"66BDDD46C00DBF738A459295FE4223E3","HOST_ESP2.0.ino.cpp.o","translation-unit","151176","2025-08-09T17:45:27","DCACBB1A486256C9F4D6E4BF34B48DCF978B89A2A4A95D8D587158ABCF9E3E10"
"66BDDD46C00DBF738A459295FE4223E3","HOST_ESP2.0.ino.elf","linked-build","11814392","2025-08-09T17:45:31","E5515E28520B30361E36691BACB2F31527F85BADF3789C954EC5EDFAA93D2344"
"66BDDD46C00DBF738A459295FE4223E3","HOST_ESP2.0.ino.map","linked-build","15565128","2025-08-09T17:45:31","E8EA520F8B9890F950A3477A9FD96962A1C8785133476285589D9DB75000F960"
"66BDDD46C00DBF738A459295FE4223E3","HOST_ESP2.0.ino.merged.bin","linked-build","4194304","2025-08-09T17:45:32","3FE851D0FDABBB2A6517E02E91D26FC79E05B2AD6F0B8C60505832BBA51BADF8"
"66BDDD46C00DBF738A459295FE4223E3","HOST_ESP2.0.ino.partitions.bin","linked-build","3072","2025-08-09T17:45:32","148B959CBFF1C38AA8E1D5C0BA9D612C54997B945E56A63F41223EEF650653A1"
"66BDDD46C00DBF738A459295FE4223E3","partitions.csv","linked-build","305","2025-08-09T13:04:17","2683FD26B661BC909DCB8A9F05723D36C4000F9396995941A278FDA409B753F7"
"6BAF64C96560BCE15B8EA7B706C5860E","build.options.json","linked-build","777","2025-08-09T16:21:52","14BEA628E67531F3AC7F1E9510854B4666F2D56E0C86983DAF25BAD02D1CF0E6"
"6BAF64C96560BCE15B8EA7B706C5860E","compile_commands.json","linked-build","260888","2025-08-09T16:24:56","D0030B09EB4E8AF406EA9E0F505BC6EABF576A40DADC4AD13863925E982D04EF"
"6BAF64C96560BCE15B8EA7B706C5860E","HOSTESP3.0.ino.bin","linked-build","960768","2025-08-09T16:24:55","C974EC9A80462FE2A76131FCEAB20C669B9977C059D06CB24C0795302BDE7B4D"
"6BAF64C96560BCE15B8EA7B706C5860E","HOSTESP3.0.ino.bootloader.bin","linked-build","20352","2025-08-09T16:21:52","2A623AA8F3BEAB9C13D4FC60A3C90995034598BA907FB908CC937E2536289F93"
"6BAF64C96560BCE15B8EA7B706C5860E","HOSTESP3.0.ino.cpp","translation-unit","9278","2025-08-09T16:24:15","22E479C07D33CD1F0C20627C62D71CFD73F99F64A3B1924FD9C4E82DC497F738"
"6BAF64C96560BCE15B8EA7B706C5860E","HOSTESP3.0.ino.cpp.d","translation-unit","65029","2025-08-09T16:24:19","200930E9452926E617C2FBF236932BB62E8EE0FB31BEDFCC430FBEC2666FF850"
"6BAF64C96560BCE15B8EA7B706C5860E","HOSTESP3.0.ino.cpp.o","translation-unit","443892","2025-08-09T16:24:19","DDBEAB8E782958278830B4E6B5C6B804AB9EF8A333729087BC3302D5F69A9DDC"
"6BAF64C96560BCE15B8EA7B706C5860E","HOSTESP3.0.ino.elf","linked-build","17218072","2025-08-09T16:24:55","9B33F6996ABC833DC31308ACE18F098670A3D4DFCE85694BF70BB8A7A3AE653A"
"6BAF64C96560BCE15B8EA7B706C5860E","HOSTESP3.0.ino.map","linked-build","22044666","2025-08-09T16:24:55","3C8E584B2A6A9F82DE00B3AB73FE72A1069F55B91B9A3F3F5BF2BC8EA826C561"
"6BAF64C96560BCE15B8EA7B706C5860E","HOSTESP3.0.ino.merged.bin","linked-build","4194304","2025-08-09T16:24:56","4250EC97BB6A03BFA134A4F2978C771B1CEAAFD09744481646FD81C089AD770F"
"6BAF64C96560BCE15B8EA7B706C5860E","HOSTESP3.0.ino.partitions.bin","linked-build","3072","2025-08-09T16:24:56","148B959CBFF1C38AA8E1D5C0BA9D612C54997B945E56A63F41223EEF650653A1"
"6BAF64C96560BCE15B8EA7B706C5860E","partitions.csv","linked-build","305","2025-08-09T13:04:17","2683FD26B661BC909DCB8A9F05723D36C4000F9396995941A278FDA409B753F7"
"A7844970F8B507EF186C4FCF4CCC590B","build.options.json","linked-build","776","2025-08-09T16:03:05","005EEC29E28A5C3341F91F782E75F3DC9B9627EEDD98C4E96A1A388B9A0A0AD4"
"A7844970F8B507EF186C4FCF4CCC590B","compile_commands.json","linked-build","47649","2025-08-09T16:04:17","36439D6AB4D50C1875205B001DA08FA3C8CA8AD481F7F0458BA500E2CF03AC5E"
"A7844970F8B507EF186C4FCF4CCC590B","DEVICE_ESP3.0.ino.bin","linked-build","912704","2025-08-09T16:04:16","A81C58DD5F6E96F3EFCA1C8171886EEC513B5C4DE41738A80FFF0BB3CF3218F3"
"A7844970F8B507EF186C4FCF4CCC590B","DEVICE_ESP3.0.ino.bootloader.bin","linked-build","20352","2025-08-09T16:03:05","2A623AA8F3BEAB9C13D4FC60A3C90995034598BA907FB908CC937E2536289F93"
"A7844970F8B507EF186C4FCF4CCC590B","DEVICE_ESP3.0.ino.cpp","translation-unit","13919","2025-08-09T16:03:56","50F8C2EF8D9ADDF9F842F54F4B47FD797EE197002276848AD5D61B06853BC27B"
"A7844970F8B507EF186C4FCF4CCC590B","DEVICE_ESP3.0.ino.cpp.d","translation-unit","28942","2025-08-09T16:03:59","93D02E4B72A17388DCBB37F0B40CF87461640C570A048D56906C696F73E50C00"
"A7844970F8B507EF186C4FCF4CCC590B","DEVICE_ESP3.0.ino.cpp.o","translation-unit","159604","2025-08-09T16:03:59","69001F9E6D441B2EB83CFC60E99DF74FF18239F02EF06CDF442322AEC5284A1B"
"A7844970F8B507EF186C4FCF4CCC590B","DEVICE_ESP3.0.ino.elf","linked-build","12160628","2025-08-09T16:04:16","7640FFCC5D0D1FFC2A9C6B63B7C15DF7B954735E92161D486913AED573A6A4C6"
"A7844970F8B507EF186C4FCF4CCC590B","DEVICE_ESP3.0.ino.map","linked-build","15757155","2025-08-09T16:04:16","BC9C29416D649A78F85B61C790B414EA38898F72B81515375D3EFC11A142553C"
"A7844970F8B507EF186C4FCF4CCC590B","DEVICE_ESP3.0.ino.merged.bin","linked-build","4194304","2025-08-09T16:04:17","4DDDC75544E94CD550B2E63E8439C494AFCA58423A098E8A7F7F8763582E4210"
"A7844970F8B507EF186C4FCF4CCC590B","DEVICE_ESP3.0.ino.partitions.bin","linked-build","3072","2025-08-09T16:04:16","148B959CBFF1C38AA8E1D5C0BA9D612C54997B945E56A63F41223EEF650653A1"
"A7844970F8B507EF186C4FCF4CCC590B","partitions.csv","linked-build","305","2025-08-09T13:04:17","2683FD26B661BC909DCB8A9F05723D36C4000F9396995941A278FDA409B753F7"
"B2F83C55F4BC6BD7D1ED05B14157DE8B","build.options.json","linked-build","713","2025-07-31T17:50:41","DBBF6A57DFC8DC1D2AA4CB2D755522EEAF9B292B39041DF4A4C42E41770198A6"
"B2F83C55F4BC6BD7D1ED05B14157DE8B","compile_commands.json","linked-build","140085","2025-07-31T17:51:14","7A59CDA0A20C6B7C381162E3C69772BDAD72EFFAEF2EBF0FA0D0DFE2E21E19F5"
"B2F83C55F4BC6BD7D1ED05B14157DE8B","DeviceReceiverScript.ino.bin","linked-build","1197856","2025-07-31T17:51:12","5AFC5A41B74B8777A669570EA84A8571A37C5E087DE46BD9C3C837CA2F024B01"
"B2F83C55F4BC6BD7D1ED05B14157DE8B","DeviceReceiverScript.ino.bootloader.bin","linked-build","19696","2025-07-31T17:50:42","E4BC658D3DC600958B56DFB9299479326A9ECB19A1F27D3578432F2AE4D65550"
"B2F83C55F4BC6BD7D1ED05B14157DE8B","DeviceReceiverScript.ino.cpp","translation-unit","10112","2025-07-31T17:51:04","1EFEA9860EAD7A6178B408F54CDDC17DEC561FFD89529E8820A75AE007D834EA"
"B2F83C55F4BC6BD7D1ED05B14157DE8B","DeviceReceiverScript.ino.cpp.d","translation-unit","40923","2025-07-31T17:51:08","02E5CC3CFEA8C953E97C19AC6FE530862E57A3AC9CA1D6774228A49353E800BD"
"B2F83C55F4BC6BD7D1ED05B14157DE8B","DeviceReceiverScript.ino.cpp.o","translation-unit","804452","2025-07-31T17:51:08","29EFB0E6D10DA73FCBAE41598F3B537138F6C51DC1C022620460F893083A6171"
"B2F83C55F4BC6BD7D1ED05B14157DE8B","DeviceReceiverScript.ino.elf","linked-build","17317872","2025-07-31T17:51:12","79B9CB46D710B8FF3011229D0686775B64E88882F7EF2981A706EECE4D558B49"
"B2F83C55F4BC6BD7D1ED05B14157DE8B","DeviceReceiverScript.ino.map","linked-build","15310906","2025-07-31T17:51:12","965AB54B88C773FF1BE83C3E05EDE46C3D387579DFAF08152813E3E0E6A06EEA"
"B2F83C55F4BC6BD7D1ED05B14157DE8B","DeviceReceiverScript.ino.merged.bin","linked-build","4194304","2025-07-31T17:51:14","16C77AC45A2C66BC4F3E8EEE0927BE45F4F7EE8F5953607E06B6EFEB4B491F12"
"B2F83C55F4BC6BD7D1ED05B14157DE8B","DeviceReceiverScript.ino.partitions.bin","linked-build","3072","2025-07-31T17:51:13","148B959CBFF1C38AA8E1D5C0BA9D612C54997B945E56A63F41223EEF650653A1"
"B2F83C55F4BC6BD7D1ED05B14157DE8B","partitions.csv","linked-build","305","2025-07-30T15:40:52","2683FD26B661BC909DCB8A9F05723D36C4000F9396995941A278FDA409B753F7"
"BF5F031829392A1A7CFFED191A381FA5","build.options.json","linked-build","714","2025-07-30T22:04:44","AC607995904AC4EB47DBF2C6EB4D89A90FFFD9CC3B18DD7820E9D6AAFDD7D231"
"BF5F031829392A1A7CFFED191A381FA5","compile_commands.json","linked-build","2574","2025-07-30T22:04:56","4FFF89A848A4E5034BA9E2B209A3B0C56641C74E37D98962CB7579076C93C95A"
"BF5F031829392A1A7CFFED191A381FA5","partitions.csv","linked-build","305","2025-07-30T15:40:52","2683FD26B661BC909DCB8A9F05723D36C4000F9396995941A278FDA409B753F7"
"BF5F031829392A1A7CFFED191A381FA5","SerialMonitorTest.ino.bin","linked-build","284176","2025-07-30T22:04:54","38AC3D8F2A6AD056C2315D4A219060560D45A6DC8F1511F98536AC5081BE462A"
"BF5F031829392A1A7CFFED191A381FA5","SerialMonitorTest.ino.bootloader.bin","linked-build","19696","2025-07-30T22:04:44","E4BC658D3DC600958B56DFB9299479326A9ECB19A1F27D3578432F2AE4D65550"
"BF5F031829392A1A7CFFED191A381FA5","SerialMonitorTest.ino.cpp","translation-unit","1183","2025-07-30T22:04:49","9757B450A275B1E1DDBC3312B2630D0A609504BDC9DBE20B982F5E0D76CA478D"
"BF5F031829392A1A7CFFED191A381FA5","SerialMonitorTest.ino.cpp.d","translation-unit","22739","2025-07-30T22:04:51","BDD9E00F20317E16FF60A3E4DD067EC789FBE8FBD3FEE6E03DC931E36DEFC2C2"
"BF5F031829392A1A7CFFED191A381FA5","SerialMonitorTest.ino.cpp.o","translation-unit","35996","2025-07-30T22:04:51","9933EB5B45BA10167705C7D213779F48172DBCC062EDB13B2D9B51D878FA07E3"
"BF5F031829392A1A7CFFED191A381FA5","SerialMonitorTest.ino.elf","linked-build","6115648","2025-07-30T22:04:54","340D5461DB1C0237C833DADA391EFE1FCAABAF67DA79DC3C49AB5C7D746B4F99"
"BF5F031829392A1A7CFFED191A381FA5","SerialMonitorTest.ino.map","linked-build","6948278","2025-07-30T22:04:54","EEF6111FFC0CE7CC4F25070FC3047DAA7782B2FAB46B29B431871F0859021C42"
"BF5F031829392A1A7CFFED191A381FA5","SerialMonitorTest.ino.merged.bin","linked-build","4194304","2025-07-30T22:04:55","194974B6DE5BAE077779810D3C690BBDCD978DD12B918A0C19E6A7810A40AD50"
"BF5F031829392A1A7CFFED191A381FA5","SerialMonitorTest.ino.partitions.bin","linked-build","3072","2025-07-30T22:04:54","148B959CBFF1C38AA8E1D5C0BA9D612C54997B945E56A63F41223EEF650653A1"
"C8F1C046A1BED124D4C3DDC084CD93ED","build.options.json","linked-build","802","2025-08-04T11:50:26","4DA77279CB792150C9F45D48741D4BA5BC73B9EEC36E42B955E100CD73DD8046"
"C8F1C046A1BED124D4C3DDC084CD93ED","compile_commands.json","linked-build","145327","2025-08-04T11:50:56","100BE9E0E50645D331D8156F09ADCABBCA1BE6670CE2636708AF9527EC0A4C20"
"C8F1C046A1BED124D4C3DDC084CD93ED","partitions.csv","linked-build","305","2025-07-30T15:40:52","2683FD26B661BC909DCB8A9F05723D36C4000F9396995941A278FDA409B753F7"
"C8F1C046A1BED124D4C3DDC084CD93ED","sketch_aug4a.ino.bin","linked-build","274352","2025-08-04T11:50:55","FC6CED74849DEAAFA6660CC44D00FFA7BECFA6C607069190A75AA1DEC0DC4D48"
"C8F1C046A1BED124D4C3DDC084CD93ED","sketch_aug4a.ino.bootloader.bin","linked-build","21184","2025-08-04T11:50:27","0E7AFA05C1A691F8205423AED8DB6A72BFBD6F11FA79CA40B9643E939FCFF00E"
"C8F1C046A1BED124D4C3DDC084CD93ED","sketch_aug4a.ino.cpp","translation-unit","884","2025-08-04T11:50:32","F5F44DEEB7304C82DD4C366664B9A25C362E58568E9C0B0678F5D11AD8D9CAA3"
"C8F1C046A1BED124D4C3DDC084CD93ED","sketch_aug4a.ino.cpp.d","translation-unit","24753","2025-08-04T11:50:34","884731299678C59AA4909BD29DECC08CBE1E4BF453B3DF2A46FFE17404C3840C"
"C8F1C046A1BED124D4C3DDC084CD93ED","sketch_aug4a.ino.cpp.o","translation-unit","24576","2025-08-04T11:50:35","28FAAF6DB7E6D4513E4DA85FA84B143945F6727B97D1CAB3182B6F1764CFB9BD"
"C8F1C046A1BED124D4C3DDC084CD93ED","sketch_aug4a.ino.elf","linked-build","5764544","2025-08-04T11:50:54","7CC6A643B4E23A5DD1BB280FFE783916711B3CD00571FCF935010102E6952768"
"C8F1C046A1BED124D4C3DDC084CD93ED","sketch_aug4a.ino.map","linked-build","6396720","2025-08-04T11:50:54","995284E46F0AA34325BF098CBB99769D09813CFAB4973D43146425ABBC2E6984"
"C8F1C046A1BED124D4C3DDC084CD93ED","sketch_aug4a.ino.merged.bin","linked-build","4194304","2025-08-04T11:50:56","539B8EF931F7A2EC9224BBA252D8B679718FD25C830975FBD9FB3958F7E6C098"
"C8F1C046A1BED124D4C3DDC084CD93ED","sketch_aug4a.ino.partitions.bin","linked-build","3072","2025-08-04T11:50:55","148B959CBFF1C38AA8E1D5C0BA9D612C54997B945E56A63F41223EEF650653A1"
"CC0A7A9779DFA00C24B97FA0C0C6A535","build.options.json","linked-build","711","2025-07-31T10:44:12","5DB0965772FFF96D6DC1F137BA33636B694415E5D1804A526C0AF56D170C5662"
"CC0A7A9779DFA00C24B97FA0C0C6A535","compile_commands.json","linked-build","37108","2025-07-31T10:44:45","05A1CE0ED73AF09378E6B1372307EEADAA75613BE6307C5AB5DEA48C3D399CBC"
"CC0A7A9779DFA00C24B97FA0C0C6A535","HostReceiverScript.ino.bin","linked-build","329888","2025-07-31T10:44:43","E65A5F12BD5DC3F211EC1CC61859444E68C113FCDC190F7F04A676F4B1D58DF9"
"CC0A7A9779DFA00C24B97FA0C0C6A535","HostReceiverScript.ino.bootloader.bin","linked-build","19696","2025-07-31T10:44:13","E4BC658D3DC600958B56DFB9299479326A9ECB19A1F27D3578432F2AE4D65550"
"CC0A7A9779DFA00C24B97FA0C0C6A535","HostReceiverScript.ino.cpp","translation-unit","11166","2025-07-31T10:44:36","EF7C7A058000729E0A90AD0CA6C8BF4616E86301899462C60D7471BFBC0F7DFB"
"CC0A7A9779DFA00C24B97FA0C0C6A535","HostReceiverScript.ino.cpp.d","translation-unit","23995","2025-07-31T10:44:39","4A9F6C165741589DDF786B49518AB627D4F64F2104FA4C967255652CBB5C8CFA"
"CC0A7A9779DFA00C24B97FA0C0C6A535","HostReceiverScript.ino.cpp.o","translation-unit","141708","2025-07-31T10:44:39","2A090B7B774D12DCFA7F6E3D36310509218B8E378FD222B4D6C55EB00DCF5E22"
"CC0A7A9779DFA00C24B97FA0C0C6A535","HostReceiverScript.ino.elf","linked-build","6897164","2025-07-31T10:44:42","780C36FA770A860BD4021A2C40A34117A22DEF6F8EED022D2925164B47CCDBAD"
"CC0A7A9779DFA00C24B97FA0C0C6A535","HostReceiverScript.ino.map","linked-build","7294443","2025-07-31T10:44:42","DC379EB3CEF16868DB60BCF912656CA07DD43B21AD13C709AFB57443DDE10A04"
"CC0A7A9779DFA00C24B97FA0C0C6A535","HostReceiverScript.ino.merged.bin","linked-build","4194304","2025-07-31T10:44:45","06A5FFA6FD4438A9A9D297D7A57607021B5BAE6FE3B1EE43B3740F2FF0045850"
"CC0A7A9779DFA00C24B97FA0C0C6A535","HostReceiverScript.ino.partitions.bin","linked-build","3072","2025-07-31T10:44:44","148B959CBFF1C38AA8E1D5C0BA9D612C54997B945E56A63F41223EEF650653A1"
"CC0A7A9779DFA00C24B97FA0C0C6A535","partitions.csv","linked-build","305","2025-07-30T15:40:52","2683FD26B661BC909DCB8A9F05723D36C4000F9396995941A278FDA409B753F7"
"EC7F2D78A655F8473600BC336FC7EF40","build.options.json","linked-build","698","2025-08-01T10:53:48","397BB0DB854A6228EBAB3405432AF2AEF34225BF06F6DBB2435874CD816EF3E8"
"EC7F2D78A655F8473600BC336FC7EF40","compile_commands.json","linked-build","41850","2025-08-01T10:54:17","6492F9EC6DD55777F0ADE678DB073AD6DDA5CB0C1D81623826742D214BC68EC5"
"EC7F2D78A655F8473600BC336FC7EF40","partitions.csv","linked-build","305","2025-07-30T15:40:52","2683FD26B661BC909DCB8A9F05723D36C4000F9396995941A278FDA409B753F7"
"EC7F2D78A655F8473600BC336FC7EF40","test1.ino.bin","linked-build","935792","2025-08-01T10:54:14","716C6E3BD61F1F1E6EFFEC3193930087C1F6253BEE8A9F8547BB0F13695A5F7E"
"EC7F2D78A655F8473600BC336FC7EF40","test1.ino.bootloader.bin","linked-build","19696","2025-08-01T10:53:48","E4BC658D3DC600958B56DFB9299479326A9ECB19A1F27D3578432F2AE4D65550"
"EC7F2D78A655F8473600BC336FC7EF40","test1.ino.cpp","translation-unit","3924","2025-08-01T10:54:04","74F303D1377EAF1BD98963965A2D9039D89588A79446265051F9B232B2F790F6"
"EC7F2D78A655F8473600BC336FC7EF40","test1.ino.cpp.d","translation-unit","29493","2025-08-01T10:54:09","DBA3441AF0A845E10571F856E1BE3051AFBF979619DB404C3951E9FAF4ED8011"
"EC7F2D78A655F8473600BC336FC7EF40","test1.ino.cpp.o","translation-unit","178368","2025-08-01T10:54:09","969A8F7AC00A4A1892BBF9968B227A4650E198058D8BD7730C19D01F3B9495EC"
"EC7F2D78A655F8473600BC336FC7EF40","test1.ino.elf","linked-build","12696424","2025-08-01T10:54:14","FB17CF3A5AB447FE6A717D97FF3EEA01B9B069F1231BC90F5D92CE4A25A7A253"
"EC7F2D78A655F8473600BC336FC7EF40","test1.ino.map","linked-build","13836000","2025-08-01T10:54:14","4AB4B211D0FBBB35930D4D2C4D72D3E9743062A160AEA10862922DFFE96B5845"
"EC7F2D78A655F8473600BC336FC7EF40","test1.ino.merged.bin","linked-build","4194304","2025-08-01T10:54:16","6D5C2967584923183339221584D55B807DCF1F17705011E7BF37AF10B2004BAD"
"EC7F2D78A655F8473600BC336FC7EF40","test1.ino.partitions.bin","linked-build","3072","2025-08-01T10:54:15","148B959CBFF1C38AA8E1D5C0BA9D612C54997B945E56A63F41223EEF650653A1"
"F347DB88846C8CD083E6F3C14A170DBF","build.options.json","linked-build","698","2025-08-01T10:53:48","9FE371F6740898C3791F1FF017C5E1E1D5CF940092C3E9C1CD399C3B19DBB83E"
"F347DB88846C8CD083E6F3C14A170DBF","compile_commands.json","linked-build","41850","2025-08-01T10:54:17","9E9EE73252AB4844886A4B965AFA585E7056ACF7FE598FBA738B36D232132160"
"F347DB88846C8CD083E6F3C14A170DBF","partitions.csv","linked-build","305","2025-07-30T15:40:52","2683FD26B661BC909DCB8A9F05723D36C4000F9396995941A278FDA409B753F7"
"F347DB88846C8CD083E6F3C14A170DBF","test2.ino.bin","linked-build","935792","2025-08-01T10:54:15","E390669D0B466B4AF21E060E236940009E729AD48E08AA3A5ECA042E3DEAF6D7"
"F347DB88846C8CD083E6F3C14A170DBF","test2.ino.bootloader.bin","linked-build","19696","2025-08-01T10:53:49","E4BC658D3DC600958B56DFB9299479326A9ECB19A1F27D3578432F2AE4D65550"
"F347DB88846C8CD083E6F3C14A170DBF","test2.ino.cpp","translation-unit","3924","2025-08-01T10:54:05","91968E3C527520ACD0F1531E7972C89A65AA85722B0693796A3D11C7CD2C40D9"
"F347DB88846C8CD083E6F3C14A170DBF","test2.ino.cpp.d","translation-unit","29493","2025-08-01T10:54:10","D3D2CA945C70ADCD798C38BB9E1FCA68D623616562CF3DC11BC7CB197D9F5D07"
"F347DB88846C8CD083E6F3C14A170DBF","test2.ino.cpp.o","translation-unit","178268","2025-08-01T10:54:10","251C7EF03A181CEBD78FCD7ECEBAF1A8541E8CC01356F4AD141FEE00A37A9715"
"F347DB88846C8CD083E6F3C14A170DBF","test2.ino.elf","linked-build","12696408","2025-08-01T10:54:14","C1DF6D719D2C3DDFD5481BB8E3AEBA9AE505E862F9AE199E086A7B59239371B0"
"F347DB88846C8CD083E6F3C14A170DBF","test2.ino.map","linked-build","13836000","2025-08-01T10:54:14","5422EB745785EB4D51457B0492972694730DE7FD080E1747FDED26FEB0D86C35"
"F347DB88846C8CD083E6F3C14A170DBF","test2.ino.merged.bin","linked-build","4194304","2025-08-01T10:54:17","8FBFB3511CB08A39C9D70E1CF3FB34781DA95460AFE2A5BFD5DF58BAFE487118"
"F347DB88846C8CD083E6F3C14A170DBF","test2.ino.partitions.bin","linked-build","3072","2025-08-01T10:54:16","148B959CBFF1C38AA8E1D5C0BA9D612C54997B945E56A63F41223EEF650653A1"
"F908ACDEB0614B009C6C7A065E62E66D","build.options.json","linked-build","725","2025-07-30T22:06:25","04CDFB54091F7D304873C526D9F097956E6B43C726AD64792FA970C463002FA9"
"F908ACDEB0614B009C6C7A065E62E66D","compile_commands.json","linked-build","2578","2025-07-30T22:06:37","501B5FBE397B8EA7172449F863C22EBBC815A9F432009C07492139DB4FADD2F0"
"F908ACDEB0614B009C6C7A065E62E66D","HostReceiverSketch.ino.bin","linked-build","284848","2025-07-30T22:06:35","2C0698A997CDB69247ECF6A6F9DC2E710674668F78AEC7EBF4014CA9A06F079D"
"F908ACDEB0614B009C6C7A065E62E66D","HostReceiverSketch.ino.bootloader.bin","linked-build","19696","2025-07-30T22:06:26","E4BC658D3DC600958B56DFB9299479326A9ECB19A1F27D3578432F2AE4D65550"
"F908ACDEB0614B009C6C7A065E62E66D","HostReceiverSketch.ino.cpp","translation-unit","6694","2025-07-30T22:06:30","3249FC4B4E028F14C8A4051873F3BFBA529376D11A6C915A76EA8677C64FAD2F"
"F908ACDEB0614B009C6C7A065E62E66D","HostReceiverSketch.ino.cpp.d","translation-unit","22741","2025-07-30T22:06:32","7640B98B376F75967DC196077CE2A4291A2032DF263D622EDAED87B1CACCE097"
"F908ACDEB0614B009C6C7A065E62E66D","HostReceiverSketch.ino.cpp.o","translation-unit","47004","2025-07-30T22:06:32","5CFB7462BD3F20EAD5D5A79F7BF88250774C72C7651840B93DCC7B09FD0EAF4A"
"F908ACDEB0614B009C6C7A065E62E66D","HostReceiverSketch.ino.elf","linked-build","6117764","2025-07-30T22:06:34","B2B2A2F3A70BA7C4D69A776172EE7951D0A8ED6903D1A6E0169C289484269972"
"F908ACDEB0614B009C6C7A065E62E66D","HostReceiverSketch.ino.map","linked-build","6953281","2025-07-30T22:06:34","813E3C4CF8C02B74D52A7CC2DCDDE33248B01AF9FFE8CDCEA5C93926FC1A4BB7"
"F908ACDEB0614B009C6C7A065E62E66D","HostReceiverSketch.ino.merged.bin","linked-build","4194304","2025-07-30T22:06:36","12A795B17FD9E84958F4D4745E7571BE91ECEF096B95D279EE4BE3C698164565"
"F908ACDEB0614B009C6C7A065E62E66D","HostReceiverSketch.ino.partitions.bin","linked-build","3072","2025-07-30T22:06:35","148B959CBFF1C38AA8E1D5C0BA9D612C54997B945E56A63F41223EEF650653A1"
"F908ACDEB0614B009C6C7A065E62E66D","partitions.csv","linked-build","305","2025-07-30T15:40:52","2683FD26B661BC909DCB8A9F05723D36C4000F9396995941A278FDA409B753F7"
