"source","cache_id","arduino_esp32_core","variant","fqbn"
"DEVICE_ESP2.0.ino.cpp","40348E610C9E5A444B49E27DB2A69894","3.0.5","esp32s2","esp32:esp32:esp32s2:UploadSpeed=921600,CDCOnBoot=default,MSCOnBoot=default,DFUOnBoot=default,UploadMode=default,CPUFreq=240,FlashFreq=80,FlashMode=qio,FlashSize=4M,PartitionScheme=default,DebugLevel=none,PSRAM=disabled,EraseFlash=none,JTAGAdapter=default,ZigbeeMode=default"
"DEVICE_ESP3.0.ino.cpp","A7844970F8B507EF186C4FCF4CCC590B","3.0.5","esp32s2","esp32:esp32:esp32s2:UploadSpeed=921600,CDCOnBoot=cdc,MSCOnBoot=default,DFUOnBoot=default,UploadMode=default,CPUFreq=240,FlashFreq=80,FlashMode=qio,FlashSize=4M,PartitionScheme=default,DebugLevel=none,PSRAM=disabled,EraseFlash=none,JTAGAdapter=default,ZigbeeMode=default"
"DeviceReceiverScript.ino.cpp","B2F83C55F4BC6BD7D1ED05B14157DE8B","3.3.0","nologo_esp32c3_super_mini","esp32:esp32:nologo_esp32c3_super_mini:UploadSpeed=921600,USBMode=hwcdc,CDCOnBoot=cdc,CPUFreq=160,FlashFreq=80,FlashMode=qio,PartitionScheme=default,DebugLevel=none,EraseFlash=none,JTAGAdapter=default"
"HOST_ESP2.0.ino.cpp","66BDDD46C00DBF738A459295FE4223E3","3.0.5","esp32s2","esp32:esp32:esp32s2:UploadSpeed=921600,CDCOnBoot=cdc,MSCOnBoot=default,DFUOnBoot=default,UploadMode=default,CPUFreq=240,FlashFreq=80,FlashMode=qio,FlashSize=4M,PartitionScheme=default,DebugLevel=none,PSRAM=disabled,EraseFlash=none,JTAGAdapter=default,ZigbeeMode=default"
"HOSTESP3.0.ino.cpp","6BAF64C96560BCE15B8EA7B706C5860E","3.0.5","esp32s2","esp32:esp32:esp32s2:UploadSpeed=921600,CDCOnBoot=default,MSCOnBoot=default,DFUOnBoot=default,UploadMode=default,CPUFreq=240,FlashFreq=80,FlashMode=qio,FlashSize=4M,PartitionScheme=default,DebugLevel=none,PSRAM=disabled,EraseFlash=none,JTAGAdapter=default,ZigbeeMode=default"
"HostReceiverScript.ino.cpp","CC0A7A9779DFA00C24B97FA0C0C6A535","3.3.0","nologo_esp32c3_super_mini","esp32:esp32:nologo_esp32c3_super_mini:UploadSpeed=921600,USBMode=hwcdc,CDCOnBoot=cdc,CPUFreq=160,FlashFreq=80,FlashMode=qio,PartitionScheme=default,DebugLevel=none,EraseFlash=none,JTAGAdapter=default"
"HostReceiverScript2.0.ino.cpp","45CA156795DE7336BDDB0AF5DA0A92A2","3.3.0","nologo_esp32c3_super_mini","esp32:esp32:nologo_esp32c3_super_mini:UploadSpeed=115200,USBMode=hwcdc,CDCOnBoot=cdc,CPUFreq=160,FlashFreq=80,FlashMode=qio,PartitionScheme=default,DebugLevel=none,EraseFlash=none,JTAGAdapter=default"
"HostReceiverSketch.ino.cpp","F908ACDEB0614B009C6C7A065E62E66D","3.3.0","nologo_esp32c3_super_mini","esp32:esp32:nologo_esp32c3_super_mini:UploadSpeed=921600,USBMode=hwcdc,CDCOnBoot=default,CPUFreq=160,FlashFreq=80,FlashMode=qio,PartitionScheme=default,DebugLevel=none,EraseFlash=none,JTAGAdapter=default"
"hostAliveAndWorking.ino.cpp","20D1F901CB1AEA1CD951D7DA080E2B03","3.0.5","esp32s2","esp32:esp32:esp32s2:UploadSpeed=921600,CDCOnBoot=default,MSCOnBoot=default,DFUOnBoot=default,UploadMode=default,CPUFreq=240,FlashFreq=80,FlashMode=qio,FlashSize=4M,PartitionScheme=default,DebugLevel=none,PSRAM=disabled,EraseFlash=none,JTAGAdapter=default,ZigbeeMode=default"
"SerialMonitorTest.ino.cpp","BF5F031829392A1A7CFFED191A381FA5","3.3.0","nologo_esp32c3_super_mini","esp32:esp32:nologo_esp32c3_super_mini:UploadSpeed=921600,USBMode=hwcdc,CDCOnBoot=default,CPUFreq=160,FlashFreq=80,FlashMode=qio,PartitionScheme=default,DebugLevel=none,EraseFlash=none,JTAGAdapter=default"
"sketch_aug4a.ino.cpp","C8F1C046A1BED124D4C3DDC084CD93ED","3.3.0","esp32s2","esp32:esp32:esp32s2:UploadSpeed=921600,CDCOnBoot=default,MSCOnBoot=default,DFUOnBoot=default,UploadMode=default,CPUFreq=240,FlashFreq=80,FlashMode=qio,FlashSize=4M,PartitionScheme=default,DebugLevel=none,PSRAM=disabled,EraseFlash=none,JTAGAdapter=default,ZigbeeMode=default"
"sketch_jul30a.ino.cpp","20C1FD3E73CC925DDC7647C44B8E566D","3.3.0","esp32c3","esp32:esp32:esp32c3:UploadSpeed=921600,CDCOnBoot=default,CPUFreq=160,FlashFreq=80,FlashMode=qio,FlashSize=4M,PartitionScheme=default,DebugLevel=none,EraseFlash=none,JTAGAdapter=default,ZigbeeMode=default"
"test1.ino.cpp","EC7F2D78A655F8473600BC336FC7EF40","3.3.0","nologo_esp32c3_super_mini","esp32:esp32:nologo_esp32c3_super_mini:UploadSpeed=115200,USBMode=hwcdc,CDCOnBoot=cdc,CPUFreq=160,FlashFreq=80,FlashMode=qio,PartitionScheme=default,DebugLevel=none,EraseFlash=none,JTAGAdapter=default"
"test2.ino.cpp","F347DB88846C8CD083E6F3C14A170DBF","3.3.0","nologo_esp32c3_super_mini","esp32:esp32:nologo_esp32c3_super_mini:UploadSpeed=115200,USBMode=hwcdc,CDCOnBoot=cdc,CPUFreq=160,FlashFreq=80,FlashMode=qio,PartitionScheme=default,DebugLevel=none,EraseFlash=none,JTAGAdapter=default"
